15, id, 10, ModifyType1, ModifyType2
 0,  0, 10, Once       , Forever
 1,  1, 10, Once       , Forever
 2,  2, 10, Once       , Forever
 3,  3, 10, Once       , Forever
 4,  4, 10, Once       , Forever
 5,  5, 10, Once       , Forever
 6,  6, 10, Once       , Forever
 7,  7, 10, Once       , Forever
 8,  8, 10, Once       , Forever
 9,  9, 10, Once       , Forever
10, 10, 10, Once       , Forever
11, 11, 10, Once       , Forever
12, 12, 10, Once       , Forever
13, 13, 10, Once       , Forever
14, 14, 10, Once       , Forever